<!--
 Copyright (C) 2006 Joe Walnes.
 Copyright (C) 2006, 2007 XStream committers.
 All rights reserved.
 
 The software in this package is published under the terms of the BSD
 style license a copy of which has been included with this distribution in
 the LICENSE.txt file.
 
 Created on 15. October 2006 by Mauro Talevi
 -->
<assembly>
	<id>bin</id>
	<formats>
		<format>zip</format>
	</formats>
	<fileSets>
		<fileSet>
			<directory>..</directory>
			<outputDirectory>/</outputDirectory>
			<includes>
				<include>LICENSE.txt</include>
				<include>README.txt</include>
			</includes>
		</fileSet>
		<fileSet>
			<directory>../xstream/lib</directory>
			<outputDirectory>/lib</outputDirectory>
			<includes>
				<include>*license.txt</include>
			</includes>
		</fileSet>
		<fileSet>
			<directory>../xstream/lib/jdk1.3</directory>
			<outputDirectory>/lib/jdk1.3</outputDirectory>
		</fileSet>
		<fileSet>
			<directory>target/docs</directory>
			<outputDirectory>docs</outputDirectory>
		</fileSet>
	</fileSets>
	<dependencySets>
		<dependencySet>
			<outputDirectory>/lib</outputDirectory>
			<unpack>false</unpack>
			<scope>runtime</scope>
		</dependencySet>
	</dependencySets>
</assembly>